{"count":1,"self":3052.0836096,"total":3715.0648999,"children":{"InitializeActuators":{"count":8,"self":0.0015106,"total":0.0015106,"children":null},"InitializeSensors":{"count":8,"self":0.0010065999999999999,"total":0.0010065999999999999,"children":null},"AgentSendState":{"count":852551,"self":5.7916023999999995,"total":9.900577,"children":{"CollectObservations":{"count":85412,"self":0.6306368,"total":0.6306368,"children":null},"WriteActionMask":{"count":85412,"self":0.23892819999999998,"total":0.23892819999999998,"children":null},"RequestDecision":{"count":85412,"self":1.0544976,"total":3.2394098,"children":{"AgentInfo.ToProto":{"count":85412,"self":0.87011469999999991,"total":2.1849122,"children":{"GenerateSensorData":{"count":85412,"self":1.3147974999999998,"total":1.3147974999999998,"children":null}}}}}}},"DecideAction":{"count":852551,"self":620.5146112,"total":620.5146176,"children":null},"AgentAct":{"count":852551,"self":32.543504,"total":32.5625114,"children":{"AgentInfo.ToProto":{"count":1360,"self":0.007136,"total":0.019006099999999998,"children":{"GenerateSensorData":{"count":1360,"self":0.0118701,"total":0.0118701,"children":null}}}}}},"gauges":{"BeerPong.CumulativeReward":{"count":1360,"max":27.6000385,"min":-5.699997,"runningAverage":4.42514944,"value":14.3000174,"weightedAverage":15.1944218}},"metadata":{"timer_format_version":"0.1.0","start_time_seconds":"1689589164","unity_version":"2022.3.2f1","command_line_arguments":"C:\\Program Files\\Unity\\Hub\\Editor\\2022.3.2f1\\Editor\\Unity.exe -projectPath C:\\Users\\marco\\Documents\\GitHub\\ML-BeerPong -debugCodeOptimization -riderPath C:\\Program Files\\JetBrains\\JetBrains Rider 2022.3.2\\bin\\rider64.exe","communication_protocol_version":"1.5.0","com.unity.ml-agents_version":"2.0.1","scene_name":"TestMLScene","end_time_seconds":"1689592879"}}